Color,Andy Tennant,91,148,72,99,Geoffrey Palmer,582,39251128,Drama|History|Romance,Bai Ling,Anna and the King,31080,804,Randall Duk Kim,2,1860s|children|king|schoolteacher|siam,http://www.imdb.com/title/tt0166485/?ref_=fn_tt_tt_1,217,English,USA,PG-13,75000000,1999,103,6.700000,2.350000,0
Color,Denzel Washington,121,117,18000,543,Kevin Connolly,18000,21078145,Biography|Drama,Denzel Washington,Antwone Fisher,26493,20456,Derek Luke,0,black american|extortion|navy|psychiatrist|sailor,http://www.imdb.com/title/tt0168786/?ref_=fn_tt_tt_1,159,English,USA,PG-13,12500000,2002,638,7.300000,2.350000,0
Color,Ron Howard,159,140,2000,552,Miko Hughes,15000,172071312,Adventure|Drama|History,Tom Hanks,Apollo 13,208817,17171,Kathleen Quinlan,0,cape kennedy|news footage|reference to christopher columbus|rocket|trapped in space,http://www.imdb.com/title/tt0112384/?ref_=fn_tt_tt_1,296,English,USA,PG,62000000,1995,968,7.600000,2.350000,5000
Color,John Putch,23,111,60,699,Diedrich Bader,823,3333823,Drama|Mystery|Sci-Fi,Robert Picardo,Atlas Shrugged II The Strike,5612,5262,Esai Morales,0,box office flop|critically bashed|government|industrialist|railroad,http://www.imdb.com/title/tt1985017/?ref_=fn_tt_tt_1,122,English,USA,PG-13,10000000,2012,759,5.500000,2.350000,0
Color,Jason Bateman,126,89,0,322,Philip Baker Hall,628,7764027,Comedy|Drama,Beth Grant,Bad Words,38459,2061,Patricia Belcher,0,directed by star|indian american|spelling|spelling bee|two word title,http://www.imdb.com/title/tt2170299/?ref_=fn_tt_tt_1,119,English,USA,R,10000000,2013,497,6.700000,2.350000,0
Color,Barry Levinson,132,123,272,193,BrÌ_an F. O'Byrne,13000,41523271,Comedy|Crime|Drama|Romance,Bruce Willis,Bandits,57038,13934,Azura Skye,2,bank manager|hypochondriac|love triangle|prison|television,http://www.imdb.com/title/tt0219965/?ref_=fn_tt_tt_1,261,English,USA,PG-13,80000000,2001,450,6.600000,2.350000,0
Color,Spike Jonze,242,112,0,213,Orson Bean,512,22858926,Comedy|Drama|Fantasy,Willie Garson,Being John Malkovich,254404,1171,Mary Kay Place,2,body swap|magical realism|portal|puppeteer|surrealism,http://www.imdb.com/title/tt0120601/?ref_=fn_tt_tt_1,840,English,USA,R,13000000,1999,216,7.800000,1.850000,0
Color,Mike Binder,91,121,57,664,Gillian Jacobs,1000,21569041,Drama,Jennifer Ehle,Black or White,8058,3745,Jillian Estell,2,color in title,http://www.imdb.com/title/tt2883434/?ref_=fn_tt_tt_1,57,English,USA,PG-13,9000000,2014,837,6.600000,2.350000,0
Color,George Hickenlooper,117,108,60,168,Eric Schweig,18000,1039869,Biography|Comedy|Crime|Drama,Kevin Spacey,Casino Jack,14757,18739,Christian Campbell,5,corruption|lobbyist|murder|washington d.c.|washington d.c. lobbyist,http://www.imdb.com/title/tt1194417/?ref_=fn_tt_tt_1,51,English,Canada,R,15000000,2010,322,6.200000,2.350000,0
Color,Paul Schrader,130,93,261,697,Ruby Dee,783,0,Fantasy|Horror|Thriller,Ed Begley Jr.,Cat People,14193,3700,John Heard,1,cat|cat people|leopardlove|slip the undergarment,httpp://www.imdb.com/title/tt0083722/?ref_=fn_tt_tt_1,106,English,USA,R,18000000,1982,782,6.100000,1.850000,0
Color,John Waters,90,87,0,503,Melanie Griffith,975,1276984,Comedy|Crime|Thriller,Alicia Witt,Cecil B DeMented,11403,3059,Kevin Nealon,2,actress|drive in|female protagonist|movie star|woman shot in the forehead,http://www.imdb.com/title/tt0173716/?ref_=fn_tt_tt_1,150,English,France,R,10000000,2000,537,6.200000,1.850000,795
Color,James Foley,119,97,164,308,Brian Van Holt,436,12212417,Crime|Thriller,Louis Lombardi,Confidence,30643,1172,Leland Orser,3,con|grifter|lap dance|organized crime|shot in the forehead,http://www.imdb.com/title/tt0310910/?ref_=fn_tt_tt_1,144,English,USA,R,15000000,2003,324,6.700000,2.350000,622
Color,Shana Feste,135,117,19,461,Cinda McCain,3000,20218921,Drama|Music,Leighton Meester,Country Strong,14814,4204,Tim McGraw,4,country music|panties|pink panties|relapse|songwriter,http://www.imdb.com/title/tt1555064/?ref_=fn_tt_tt_1,114,English,Official site,PG-13,15000000,2010,646,6.300000,2.350000,0
Color,Lars von Trier,177,140,3000,322,Udo Kier,963,4157491,Crime|Drama|Musical,Catherine Deneuve,Dancer in the Dark,79330,2894,Björk,0,ends with quotation|execution|factory|women's prison|year 1964,http://www.imdb.com/title/tt0168629/?ref_=fn_tt_tt_1,690,English,Denmark,R,12800000,2000,595,8.000000,2.350000,0
Color,Dan Fogelman,139,106,102,970,Jennifer Garner,14000,5348317,Comedy|Drama|Music,Al Pacino,Danny Collins,20810,18712,Melissa Benoist,0,entertainer|inspiration|lost opportunity|pregnant mother|rock star,http://www.imdb.com/title/tt1772288/?ref_=fn_tt_tt_1,100,English,USA,R,10000000,2015,3000,7.100000,0.000000,0
Black and Irwin Winkler,Irwin Winkler,119,125,34,65,Keith Allen,427,13337299,Biography|Drama|Music|Musical,Kevin McNally,De Lovely,9649,729,Sandra Nelson,7,cole porter|composer|love|party|tears,http://www.imdb.com/title/tt0352277/?ref_=fn_tt_tt_1,226,English,USA,PG-13,20000000,2004,66,6.600000,2.350000,1000
Color, ,53,55,0,2,Olaf Lubaszenko,20,447093,Drama,Krystyna Janda,Dekalog,12591,25,Olgierd Lukaszewicz,0,eaning f life|moral challenge||moralitty|search for meaning|ten commandments,http://www.imdb.com/title/tt0092337/?ref_=fn_tt_tt_1,37,Polish,Poland,TV-MA,0,0,3,9.100000,1.330000,0
Color,Scott Kalvert,38,96,9,934,James Franco,12000,6044618,Action|Crime|Drama,Norman Reedus,Deuces Wild,6200,26961,Frankie Muniz,1,1950s|drug overdose|gang|gang war|new york city,http://www.imdb.com/title/tt0231448/?ref_=fn_tt_tt_1,92,English,USA,R,10000000,2002,11000,5.600000,2.350000,398
Color,David Nutter,96,84,119,918,Ethan Embry,989,17411331,Horror|Mystery|Sci-Fi|Thriller,Bruce Greenwood,Disturbing Behavior,17328,4660,Katharine Isabelle,3,blue ribbon|high school|jacket|jock|yogurt,http://www.imdb.com/title/tt0134619/?ref_=fn_tt_tt_1,237,English,Australia,R,15000000,1998,982,5.500000,1.850000,673
Color,Lawrence Kasdan,175,136,759,354,Michael O'Neill,11000,33685268,Drama|Horror|Sci-Fi|Thriller,Morgan Freeman,Dreamcatcher,75573,12194,Reece Thompson,1,alien|friend|maine|military|woods,http://www.imdb.com/title/tt0285531/?ref_=fn_tt_tt_1,662,English,USA,R,68000000,2003,599,5.500000,2.350000,4000
Black and Alex Garland,Alex Garland,489,108,232,123,Sonoya Mizuno,149,25440971,Drama|Mystery|Sci-Fi|Thriller,Elina Alminas,Ex Machina,289508,430,Corey Johnson,0,artificial intelligence|robot|robot human relationship|turing test|video surveillance,http://www.imdb.com/title/tt0470752/?ref_=fn_tt_tt_1,611,English,UK,R,15000000,2015,145,7.700000,2.350000,109000
Color,Stephan Elliott,88,109,11,159,Patrick Bergin,471,16459004,Drama|Mystery|Thriller,Jason Priestley,Eye of the Beholder,13320,1069,Geneviève Bujold,1,chicago illinois|false identity|femme fatale|new york city|spying,http://www.imdb.com/title/tt0120662/?ref_=fn_tt_tt_1,415,English,Canada,R,15000000,1999,308,4.900000,2.350000,327
Color,Mark L. Lester,45,114,73,563,George C. Scott,695,15100000,Action|Horror|Sci-Fi|Thriller,Heather Locklear,Firestarter,22797,3444,David Keith,1,captain|experiment|fire|psychic|secret government agency,http://www.imdb.com/title/tt0087262/?ref_=fn_tt_tt_1,96,English,USA,R,15000000,1984,654,6.000000,2.350000,0
Color,Jerry Zucker,53,134,109,249,Ben Cross,919,37600435,Action|Adventure|Romance|Thriller,Julia Ormond,First Knight,55350,1695,John Gielgud,3,battle|king|king arthur|knight|marriage,http://www.imdb.com/title/tt0113071/?ref_=fn_tt_tt_1,180,English,USA,PG-13,55000000,1995,303,5.900000,1.850000,0
Color,John Moore,114,113,212,568,Tony Curran,2000,21009180,Action|Adventure|Drama|Thriller,Dennis Quaid,Flight of the Phoenix,45815,4397,Miranda Otto,4,captain|desert|rescue|stranded|survivor,http://www.imdb.com/title/tt0377062/?ref_=fn_tt_tt_1,222,English,USA,PG-13,45000000,2004,845,6.100000,2.350000,1000
Color,James Foley,120,100,164,99,Al Pacino,18000,10725228,Crime|Drama|Mystery,Kevin Spacey,Glengarry Glen Ross,75675,32288,Jude Ciccolella,1,office|pressure|real estate|robbery|sales,http://www.imdb.com/title/tt0104348/?ref_=fn_tt_tt_1,365,English,USA,R,12500000,1992,14000,7.800000,2.350000,0
Color,Allan Arkush,19,78,13,378,Randy Quaid,753,0,Comedy|Sci-Fi,Bernadette Peters,Heartbeeps,1040,2791,Christopher Guest,0,escape|fish out of water|love|robot|servant,http://www.imdb.com/title/tt0082507/?ref_=fn_tt_tt_1,31,English,USA,PG,10000000,1981,695,4.200000,2.350000,425
Color,Ron Shelton,132,116,41,541,Bruce Greenwood,11000,30013346,Action|Comedy|Crime|Thriller,Harrison Ford,Hollywood Homicide,31293,14028,Lena Olin,2,audition|kissing while having sex|machismo|murder|sex,http://www.imdb.com/title/tt0329717/?ref_=fn_tt_tt_1,254,English,USA,PG-13,75000000,2003,982,5.300000,2.350000,648
Color,Florent-Emilio Siri,152,113,17,759,Bruce Willis,87000,34636443,Action|Crime|Drama|Mystery|Thriller,Jimmy Bennett,Hostage,93790,103354,Ransford Doherty,0,california|hostage|hostage negotiator|organized crime|police,http://www.imdb.com/title/tt0340163/?ref_=fn_tt_tt_1,288,English,USA,R,52000000,2005,13000,6.600000,2.350000,0
Color,Luca Guadagnino,181,120,64,72,Waris Ahluwalia,144,5004648,Drama|Romance,Flavio Parenti,I Am Love,14031,474,Alba Rohrwacher,1,chef|friend|italy|restaurant|russian,http://www.imdb.com/title/tt1226236/?ref_=fn_tt_tt_1,114,Italian,Italy,R,10000000,2009,110,7.000000,1.850000,0
Color,Chris Wedge,193,103,77,835,Stephen Root,1000,176387405,Adventure|Animation|Comedy|Family,Goran Visnjic,Ice Age,328159,5437,Denis Leary,0,baby|ice|ice age|sleeping|sloth,http://www.imdb.com/title/tt0268380/?ref_=fn_tt_tt_1,467,English,USA,PG,59000000,2002,939,7.600000,1.850000,3000
Color,Bryan Barber,81,121,16,526,Faizon Love,907,12549485,Crime|Drama|Musical|Romance,Cicely Tyson,Idlewild,4603,3633,Bobb'e J. Thompson,4,gangster|playing piano|song and dance|speakeasy|written and directed by cast member,http://www.imdb.com/title/tt0417225/?ref_=fn_tt_tt_1,91,English,USA,R,15000000,2006,585,6.200000,2.350000,489
Color,John Turturro,36,119,0,54,Ben Gazzara,816,836641,Drama,Beverly D'Angelo,Illuminata,1402,1585,George DiCenzo,0,critic|new york|new york city|playwright|theater critic,http://www.imdb.com/title/tt0120709/?ref_=fn_tt_tt_1,40,English,Spain,R,0,1998,623,6.200000,1.850000,74
Color,Tarsem Singh,284,110,763,222,Daniel Sharman,15000,83503161,Action|Drama|Fantasy|Romance,Henry Cavill,Immortals,138190,16691,Steve Byers,1,burned alive|castration|olympus|torture|torture device,http://www.imdb.com/title/tt1253864/?ref_=fn_tt_tt_1,405,English,USA,R,75000000,2011,1000,6.100000,1.850000,30000
Color,Jay Duplass,182,83,157,581,Evan Ross,2000,4244155,Comedy|Drama,Judy Greer,Jeff Who Lives at Home,56005,3374,Rae Dawn Chong,5,basement|errand|secret admirer|slacker|wrong number,http://www.imdb.com/title/tt1588334/?ref_=fn_tt_tt_1,112,English,USA,R,10000000,2011,616,6.500000,1.850000,0
Color,William Friedkin,376,98,607,251,Scott A. Martin,11000,1987762,Crime|Drama|Romance|Thriller,Matthew McConaughey,Killer Joe,59297,11853,Carol Sutton,0,female nudity|female pubic hair|lingerie|neo noir|pubic hair,http://www.imdb.com/title/tt1726669/?ref_=fn_tt_tt_1,216,English,USA,R,11000000,2011,414,6.700000,1.850000,12000
Color,Brian Koppelman,57,92,34,366,Tom Noonan,14000,11632420,Crime|Drama|Thriller,Vin Diesel,Knockaround Guys,19768,15644,Kevin Gage,1,mob|mobster|money|montana|sheriff,http://www.imdb.com/title/tt0211465/?ref_=fn_tt_tt_1,135,English,USA,R,0,2001,442,6.100000,2.350000,566
Color,Rakesh Roshan,20,168,53,45,Rekha,307,0,Action|Adventure|Romance|Sci-Fi,Naseeruddin Shah,Krrish,12411,616,Sharat Saxena0,0,http://www.imdb.com/title/tt0432637/?ref_=fn_tt_tt_1,110,0,India,Not Rated,10000000,2006,200,6,2.350000,533.000000,533
Color,Craig Gillespie,226,106,44,552,Kelli Garner,33000,5949693,Comedy|Drama|Romance,Ryan Gosling,Lars and the Real Girl,114762,34351,Paul Schneider,1,in love with an inanimate object|internet|introvert|psychologist|sex doll,http://www.imdb.com/title/tt0805564/?ref_=fn_tt_tt_1,299,English,USA,PG-13,12000000,2007,730,7.400000,1.850000,19000
Color,Tom Hooper,488,158,0,11000,Eddie Redmayne,20000,148775460,Drama|Musical|Romance,Hugh Jackman,Les Miserables,243834,46204,Anne Hathaway,1,barricade|innkeeper|parole|rebellion|student,http://www.imdb.com/title/tt1707386/?ref_=fn_tt_tt_1,845,English,USA,PG-13,61000000,2012,13000,7.600000,1.850000,144000
Color,Steven Spielberg,538,150,14000,655,Hal Holbrook,23000,182204440,Biography|Drama|History|War,Joseph Gordon-Levitt,Lincoln,197412,25517,Bruce McGill,0,cultural conflict|politics|president|slavery|u.s. president,http://www.imdb.com/title/tt0443272/?ref_=fn_tt_tt_1,720,English,USA,PG-13,65000000,2012,826,7.400000,2.350000,71000
Color,Gene Quintano,19,84,0,182,Lin Shaye,11000,27979400,Action|Comedy|Crime,Jon Lovitz,Loaded Weapon 1,37611,12322,Bill Nunn,2,cookie|detective|microfilm|parody|sergeant,http://www.imdb.com/title/tt0107659/?ref_=fn_tt_tt_1,72,English,USA,PG-13,8200000,1993,852,6.100000,1.850000,0
Color,Ethan Maniquis,391,105,20,844,Don Johnson,22000,26589953,Action|Crime|Thriller,Robert De Niro,Machete,165792,26233,Cheech Marin,1,machete|mexican|mexico|priest|texas,http://www.imdb.com/title/tt0985694/?ref_=fn_tt_tt_1,392,English,USA,R,10500000,2010,982,6.700000,1.850000,44000
Color,Henry Selick,74,93,253,637,Bridget Fonda,3000,5409517,Animation|Comedy|Fantasy,Brendan Fraser,Monkeybone,14280,5580,Megan Mullally,0,carnival|coma|death|monkey|nightmare,http://www.imdb.com/title/tt0166276/?ref_=fn_tt_tt_1,171,English,USA,PG-13,75000000,2001,889,4.700000,1.850000,683
Color,Gil Kenan,190,91,27,925,Jon Heder,12000,73661010,Animation|Comedy|Family|Fantasy|Mystery,Steve Buscemi,Monster House,71137,17299,Catherine O'Hara,0,babysitter|halloween|house|neighbor|suburb,http://www.imdb.com/title/tt0385880/?ref_=fn_tt_tt_1,229,English,USA,PG,75000000,2006,970,6.600000,2.350000,0
Color,Kar-Wai Wong,192,95,0,20,Norah Jones,20000,866778,Drama|Romance,Natalie Portman,My Blueberry Nights,44208,20364,Adriane Lenox,3,blueberry pie|diner|nevada|new york city|pie,http://www.imdb.com/title/tt0765120/?ref_=fn_tt_tt_1,117,English,Hong Kong,PG-13,10000000,2007,329,6.700000,2.350000,0
Color,Scott Waugh,327,132,76,464,Dominic Cooper,3000,43568507,Action|Crime|Drama|Thriller,Rami Malek,Need for Speed,136954,7081,Ramon Rodriguez,1,cross country|custom car|illegal street racing|police officer crushed|street racing,http://www.imdb.com/title/tt2369135/?ref_=fn_tt_tt_1,346,English,USA,PG-13,66000000,2014,3000,6.500000,2.350000,32000
Color,Douglas McGrath,80,132,41,1000,Anne Hathaway,16000,1309849,Drama|Romance,Charlie Hunnam,Nicholas Nickleby,9395,29177,Jim Broadbent,1,boy|boys' school|death|friend|orphan,http://www.imdb.com/title/tt0309912/?ref_=fn_tt_tt_1,103,English,UK,PG,10000000,2002,11000,7.200000,2.350000,0
Color,Eric Bross,46,85,49,401,Tamala Jones,719,4356743,Comedy|Family|Romance,Jerry Stiller,On the Line,3662,2446,Dave Foley,2,based on short film|chicago illinois|el train|love|train,http://www.imdb.com/title/tt0279286/?ref_=fn_tt_tt_1,79,English,USA,PG,16000000,2001,405,4.100000,1.850000,0
Color,Lone Scherfig,221,107,92,358,Jim Sturgess,11000,13766014,Drama|Romance,Anne Hathaway,One Day,106111,17627,Rafe Spall,0,23 year time span|accidental death|best friend|loss of loved one|male female friendship,http://www.imdb.com/title/tt1563738/?ref_=fn_tt_tt_1,181,English,USA,PG-13,15000000,2011,5000,7.000000,2.350000,49000
Color,Gillian Armstrong,28,132,44,241,Richard Roxburgh,1000,1508689,Drama|Romance,Tom Wilkinson,Oscar and Lucinda,5648,2004,Clive Russell,2,australia|church|glass|inheritance|wager,http://www.imdb.com/title/tt0119843/?ref_=fn_tt_tt_1,50,English,USA,R,16000000,1997,653,6.700000,2.350000,329
Color,Richard Kwietniowski,82,104,23,232,Minnie Driver,22000,1011054,Crime|Drama|Thriller,Philip Seymour Hoffman,Owning Mahowny,10585,23513,Maury Chaykin,1,bank|bank fraud|bank manager|gambling|toronto,http://www.imdb.com/title/tt0285861/?ref_=fn_tt_tt_1,83,English,Canada,R,10000000,2003,893,7.200000,2.350000,0
Color,Jean-Jacques Annaud,62,100,218,91,Everett McGill,581,0,Adventure|Drama|History,Rae Dawn Chong,Quest for Fire,16281,931,Gary Schwartz,0,fire|prehistoric times|primitiv|tribe|trio,htttp://www.imdb.com/title/tt0082484/?ref_=fn_tt_tt_1,96,None,Canada,R,12500000,1981,201,7.400000,2.350000,0
Color,Werner Herzog,198,120,0,294,Toby Huss,23000,5484375,Adventure|Biography|Drama|War,Christian Bale,Rescue Dawn,84641,24270,François Chau,0,bombing|guard|jungle|laos|prisoner,http://www.imdb.com/title/tt0462504/?ref_=fn_tt_tt_1,205,English,USA,PG-13,10000000,2006,342,7.300000,1.850000,0
Color,Peter Medak,30,100,34,541,Michael Wincott,10000,3275585,Action|Crime|Drama|Thriller,Gary Oldman,Romeo Is Bleeding,10735,13160,Lena Olin,1,detective|police|protection|russian|sergeant,http://www.imdb.com/title/tt0107983/?ref_=fn_tt_tt_1,88,English,UK,R,11500000,1993,721,6.600000,1.850000,561
Color,David Schwimmer,168,100,0,231,Iddo Goldberg,427,5998971,Comedy|Romance|Sport,Dylan Moran,Run Fatboy Run,58509,1022,India de Beaufort,0,blister|gym|marathon|training|wedding,http://www.imdb.com/title/tt0425413/?ref_=fn_tt_tt_1,143,English,UK,PG-13,0,2007,269,6.600000,2.350000,0
Color,Steven Spielberg,219,169,14000,13000,Vin Diesel,15000,216119491,Action|Drama|War,Tom Hanks,Saving Private Ryan,881236,44998,Matt Damon,2,army|invasion|killed in action|normandy|soldier,http://www.imdb.com/title/tt0120815/?ref_=fn_tt_tt_1,2277,English,USA,R,70000000,1998,14000,8.600000,1.850000,22000
Black and Stephen Chow,Stephen Chow,246,85,0,51,Karen Mok,478,488872,Action|Comedy|Sport,Wei Zhao,Shaolin Soccer,56923,700,Kwok-Kwan Chan,2,cult film|kung fu|martial arts|shaolin|soccer,http://www.imdb.com/title/tt0286112/?ref_=fn_tt_tt_1,243,Cantonese,Hong Kong,PG,10000000,2001,83,7.300000,1.850000,0
Color,Chris Koch,42,89,13,329,Mark Webber,571,60008303,Adventure|Comedy|Family,Chris Elliott,Snow Day,9285,2241,Jean Smart,1,meteorologist|snow|snowed in|snowplow|weather,http://www.imdb.com/title/tt0184907/?ref_=fn_tt_tt_1,91,English,USA,PG,13000000,2000,442,4.900000,1.850000,0
Color,Paul W.S. Anderson,67,99,545,533,Sean Pertwee,933,14567883,Action|Drama|Sci-Fi,Connie Nielsen,Soldier,44248,2542,Jason Scott Lee,1,crash survivor|planet|sergeant|soldier|survivor,http://www.imdb.com/title/tt0120157/?ref_=fn_tt_tt_1,373,English,UK,R,75000000,1998,722,6.000000,2.350000,0
Color,Brian Koppelman,116,90,34,506,David Costabile,966,4360548,Comedy|Drama|Romance,Jenna Fischer,Solitary Man,13371,2661,Richard Schiff,7,aging|hdtv|high definition television|love|marriage,http://www.imdb.com/title/tt1294213/?ref_=fn_tt_tt_1,60,English,USA,R,15000000,2009,681,6.400000,1.850000,0
Color,Stewart Hendler,167,101,10,472,Margo Harshman,1000,11956207,Horror|Mystery,Julian Morris,Sorority Row,24012,3142,Rumer Willis,2,prank gone wrong|scantily clad female|shotgun|sorority house|stabbed in the neck,http://www.imdb.com/title/tt1232783/?ref_=fn_tt_tt_1,126,English,USA,R,16000000,2009,668,5.100000,2.350000,0
Color,James L. Brooks,124,131,274,138,Paz Vega,11000,42044321,Comedy|Drama|Romance,Adam Sandler,Spanglish,65668,12522,Sarah Steele,2,chef|college|housekeeper|letter|mexico,http://www.imdb.com/title/tt0371246/?ref_=fn_tt_tt_1,342,English,USA,PG-13,80000000,2004,964,6.500000,1.850000,0
Color,Theodore Melfi,275,102,51,360,Naomi Watts,13000,44134898,Comedy|Drama,Bill Murray,St Vincent,72803,20330,Reg E. Cathey,3,bullying|grumpy old man|school presentation|stroke|stroke recovery,http://www.imdb.com/title/tt2170593/?ref_=fn_tt_tt_1,171,English,USA,PG-13,13000000,2014,6000,7.300000,1.850000,33000
Color,Guy Ritchie,71,89,0,119,Jeanne Tripplehorn,990,598645,Comedy|Romance,Bruce Greenwood,Swept Away,13145,2006,David Thornton,0,island|sailor|storm|stranded|vacation,http://www.imdb.com/title/tt0291502/?ref_=fn_tt_tt_1,215,English,UK,R,10000000,2002,711,3.600000,1.850000,725
Color,Timothy Björklund,33,74,0,719,Kelsey Grammer,886,6491350,Animation|Comedy|Family|Fantasy|Musical,Nathan Lane,Teachers Pet,1231,5139,Jerry Stiller,0,dog|florida|mad scientist|school|teacher,http://www.imdb.com/title/tt0350194/?ref_=fn_tt_tt_1,26,English,USA,PG,10000000,2004,808,5.800000,1.850000,49
Color,Mark Herman,185,94,39,18,Sheila Hancock,77,9030581,Drama|War,Richard Johnson,The Boy in the Striped Pajamas,132386,156,Cara Horgan,0,boy|fence|jew|nazis|poison gas,http://www.imdb.com/title/tt0914798/?ref_=fn_tt_tt_1,398,English,UK,PG-13,12500000,2008,32,7.800000,1.850000,38000
Color,Bob Odenkirk,51,93,0,622,Lee Majors,966,900926,Comedy,Jenna Fischer,The Brothers Solomon,9517,3307,Will Forte,2,antarctica|coma|neighbor|phd|pregnancy,http://www.imdb.com/title/tt0784972/?ref_=fn_tt_tt_1,46,English,USA,R,10000000,2007,799,5.300000,1.850000,319
Color,Vincent Gallo,115,93,787,0,Cheryl Tiegs,787,365734,Drama,Vincent Gallo,The Brown Bunny,11487,883,Anna Vareschi,0,boyfriend girlfriend relationship|erection|female frontal nudity|gang rape|prostitute,http://www.imdb.com/title/tt0330099/?ref_=fn_tt_tt_1,226,English,USA,Not Rated,10000000,2003,96,5.000000,1.660000,952
Color,Eric Bress,185,120,19,829,Eric Stoltz,8000,23947,Sci-Fi|Thriller,Logan Lerman,The Butterfly Effect,357579,12755,Cameron Bright,0,blackout|child pornography|memory|surprise ending|time travel,http://www.imdb.com/title/tt0289879/?ref_=fn_tt_tt_1,1100,English,USA,R,13000000,2004,902,7.700000,1.850000,15000
Color,Marcus Dunstan,147,82,87,444,Johanna Braddy,1000,6842058,Action|Horror|Thriller,Daniel Sharman,The Collection,36029,3818,Lee Tergesen,0,booby trap|brainwashing|mercenary|serial killer|trap,http://www.imdb.com/title/tt1748227/?ref_=fn_tt_tt_1,99,English,USA,R,10000000,2012,581,6.100000,2.350000,14000
Color,Michael Hoffman,83,109,97,355,Embeth Davidtz,13000,14060950,Drama,Gabriel Millman,The Emperors Club,14354,14347,Rob Morrow,1,classroom|fund raising|headmaster|reunion|roman,http://www.imdb.com/title/tt0283530/?ref_=fn_tt_tt_1,139,English,USA,PG-13,12500000,2002,795,6.900000,1.850000,0
Color,Abel Ferrara,48,99,220,599,Vincent Gallo,812,1227324,Crime|Drama,Isabella Rossellini,The Funeral,6921,3337,Gretchen Mol,3,1930s|madness|murder|new york city|violence,http://www.imdb.com/title/tt0116378/?ref_=fn_tt_tt_1,48,English,USA,R,12500000,1996,787,6.600000,1.850000,344
Color,Kathryn Bigelow,388,131,0,383,Christian Camargo,10000,15700000,Drama|History|Thriller|War,Jeremy Renner,The Hurt Locker,332065,11114,Brian Geraghty,0,army|bomb|dangerous job|death|iraq,http://www.imdb.com/title/tt0887912/?ref_=fn_tt_tt_1,876,English,USA,R,15000000,2008,602,7.600000,1.850000,16000
Color,Ariel Vromen,221,106,34,683,James Franco,11000,1939441,Biography|Crime|Drama,Chris Evans,The Iceman,55567,23187,Robert Davi,1,based on true story|contract killer|crime family|murder of a girl|serial murderer,http://www.imdb.com/title/tt1491044/?ref_=fn_tt_tt_1,144,English,USA,R,10000000,2012,11000,6.900000,1.850000,20000
Color,Derrick Borte,144,96,17,688,Gary Cole,2000,1474508,Comedy|Drama,Demi Moore,The Joneses,33473,4607,Robert Pralgo,4,envy|fake family|gadget|materialism|unhappy marriage,http://www.imdb.com/title/tt1285309/?ref_=fn_tt_tt_1,88,English,USA,R,5000000,2009,989,6.500000,2.350000,0
Color,Michael Winterbottom,225,109,187,204,Ned Beatty,818,214966,Crime|Drama|Thriller,Liam Aiken,The Killer Inside Me,28483,1813,Jay R. Ferguson,0,deputy|murder|revenge|sheriff|texas,http://www.imdb.com/title/tt0954947/?ref_=fn_tt_tt_1,176,English,USA,R,13000000,2010,467,6.100000,2.350000,0
Color,Doug Lefler,90,102,4,112,Nonso Anozie,14000,5932060,Action|Adventure|Fantasy|War,Colin Firth,The Last Legion,29285,14625,Owen Teale,0,5th century|boy|capri|roman legion|soldier,http://www.imdb.com/title/tt0462396/?ref_=fn_tt_tt_1,174,English,UK,PG-13,35000000,2007,394,5.400000,2.350000,0
Color,Steven Soderbergh,111,89,0,132,Lesley Ann Warren,402,3193102,Crime|Drama|Mystery|Thriller,Peter Fonda,The Limey,24412,1335,William Lucking,0,daughter|englishman|ex con|revenge|young woman,http://www.imdb.com/title/tt0165854/?ref_=fn_tt_tt_1,240,English,USA,R,9000000,1999,296,7.100000,1.850000,944
Color,Guy Ritchie,362,116,0,104,Elizabeth Debicki,15000,45434443,Action|Adventure|Comedy,Henry Cavill,The Man from UNCLE,175960,15735,Christian Berkel,2,box office flop|cia agent|criminal organization|kgb agent|nuclear bomb,http://www.imdb.com/title/tt1638355/?ref_=fn_tt_tt_1,360,English,USA,PG-13,75000000,2015,509,7.300000,2.350000,43000
Color,Lana Wachowski,313,136,0,99,Marcus Chong,18000,171383253,Action|Sci-Fi,Keanu Reeves,The Matrix,1217752,18563,Gloria Foster,3,artificial reality|computer|matrix|questioning reality|simulated reality,http://www.imdb.com/title/tt0133093/?ref_=fn_tt_tt_1,3646,English,USA,R,63000000,1999,145,8.700000,2.350000,25000
Color,Frank Darabont,330,126,0,745,Alexa Davalos,2000,25592632,Horror,Toby Jones,The Mist,220475,5371,Jeffrey DeMunn,0,desperation|fog|giant insect|survival|survival horror,http://www.imdb.com/title/tt0884328/?ref_=fn_tt_tt_1,1066,English,USA,R,18000000,2007,850,7.200000,1.850000,20000
Color,Albert Brooks,97,97,745,745,Bradley Whitford,12000,11614236,Comedy,Jeff Bridges,The Muse,9294,15209,Albert Brooks,2,directed by star|muse|satire|screenwriter|tiffany's,http://www.imdb.com/title/tt0164108/?ref_=fn_tt_tt_1,140,English,USA,PG-13,15000000,1999,821,5.600000,1.370000,251
Color,Ed Decter,49,92,13,301,Eddie Griffin,11000,28972187,Comedy,Zooey Deschanel,The New Guy,28805,12687,Gene Simmons,1,cheerleader|geek|high school|prison|reference to janet jackson,http://www.imdb.com/title/tt0241760/?ref_=fn_tt_tt_1,159,English,USA,PG-13,13000000,2002,489,5.900000,1.850000,1000
Color,Roger Donaldson,172,108,79,537,Akie Kotabe,775,24984868,Action|Crime|Thriller,Luke Bracey,The November Man,50056,3033,Will Patton,2,critically bashed|premarital sex|sex scene|sex standing up|stripper,http://www.imdb.com/title/tt2402157/?ref_=fn_tt_tt_1,152,English,USA,R,15000000,2014,614,6.300000,2.350000,0
Color,Derek Cianfrance,417,140,310,619,Ben Mendelsohn,33000,21383298,Crime|Drama|Thriller,Ryan Gosling,The Place Beyond the Pines,187170,34413,Angelo Anthony Pizza,3,bank|carnival|motorcycle|police|rookie cop,http://www.imdb.com/title/tt1817273/?ref_=fn_tt_tt_1,376,English,USA,R,15000000,2012,748,7.300000,2.350000,47000
Black and John Cromwell,John Cromwell,7,101,19,135,Mary Astor,490,0,Adventure|Drama|Romance,David Niven,The Prisoner of Zenda,3256,1166,Ronald Colman,2,coronation|fictitious county|king|princesss|swashbuckler,http://www.imdb.com/title/tt0029442/?ref_=fn_tt_tt_1,44,English,USA,Approved,0,1937,185,7.800000,1.370000,337
Color,François Girard,94,130,63,2,Clotilde Mollet,24,9473382,Drama|Music|Mystery|Romance,Johannes Silberschneider,The Red Violin,26832,29,Carlo Cecchi,3,auction|montreal|secret|violin|violinist,http://www.imdb.com/title/tt0120802/?ref_=fn_tt_tt_1,247,French,Canada,R,10000000,1998,3,7.700000,1.850000,0
Color,Michael Lembeck,80,104,54,775,Aisha Tyler,901,139225854,Comedy|Family|Fantasy,Judge Reinhold,The Santa Clause 2,34561,5265,Eric Lloyd,0,christmas|magic|santa claus|son|toy,http://www.imdb.com/title/tt0304669/?ref_=fn_tt_tt_1,116,English,USA,G,60000000,2002,857,5.500000,1.850000,1000
Color,Jaume Collet-Serra,186,86,174,2,Brett Cullen,619,54257433,Drama|Horror|Thriller,Óscar Jaenada,The Shallows,12983,971,Sedona Legge,0,beach|island|mexico|prey|trapped,http://www.imdb.com/title/tt4052882/?ref_=fn_tt_tt_1,139,English,USA,PG-13,17000000,2016,350,6.800000,2.350000,0
Color,David Lynch,143,112,0,201,Richard Farnsworth,874,6197866,Biography|Drama,Sissy Spacek,The Straight Story,63733,1351,Everett McGill,0,cane|iowa|lawn mower|tractor|wisconsin,http://www.imdb.com/title/tt0166896/?ref_=fn_tt_tt_1,414,English,France,G,10000000,1999,262,8.000000,2.350000,0
Color,Don Bluth,131,94,383,886,Janeane Garofalo,13000,22751979,Action|Adventure|Animation|Family|Sci-Fi,Matt Damon,Titan AE,52244,15857,Nathan Lane,0,alien|captain|escape|pilot|scientist,http://www.imdb.com/title/tt0120913/?ref_=fn_tt_tt_1,377,English,USA,PG,75000000,2000,1000,6.600000,2.350000,0
Color,Paul Verhoeven,196,113,719,217,Rachel Ticotin,605,119412921,Action|Sci-Fi,Ronny Cox,Total Recall,240241,1441,Marshall Bell,0,ambiguous ending|false memory|implanted memory|memory|space colony,http://www.imdb.com/title/tt0100802/?ref_=fn_tt_tt_1,391,English,USA,R,65000000,1990,308,7.500000,1.850000,0
Color,Tony Scott,122,121,12000,975,Gary Oldman,11000,12281500,Action|Crime|Drama|Romance|Thriller,Brad Pitt,True Romance,163492,23602,Michael Rapaport,3,aspiring actor|cocaine|drugs|pimp|suitcase full of money,http://www.imdb.com/title/tt0108399/?ref_=fn_tt_tt_1,460,English,USA,R,13000000,1993,10000,8.000000,2.350000,15000
Color,Joshua Seftel,79,107,0,91,Sergej Trifunovic,603,578527,Action|Comedy|Thriller,Bashar Rahal,War Inc,20008,988,Ned Bellamy,3,assassin|corporation|pop star|reporter|satire,http://www.imdb.com/title/tt0884224/?ref_=fn_tt_tt_1,112,English,USA,R,10000000,2008,175,5.700000,1.780000,883
Color,Nancy Meyers,149,127,278,912,Lisa Edelstein,2000,182805123,Comedy|Fantasy|Romance,Judy Greer,What Women Want,158864,5838,Loretta Devine,1,advertising|battle of the sexes|ex husband ex wife relationship|pantyhose|telepathy,http://www.imdb.com/title/tt0207201/?ref_=fn_tt_tt_1,395,English,USA,PG-13,70000000,2000,955,6.400000,1.370000,0
Color,Drew Barrymore,230,111,0,727,Jimmy Fallon,796,13034417,Drama|Sport,Daniel Stern,Whip It,55665,2633,Alia Shawkat,1,beauty pageant|friend|pageant|roller derby|texas,http://www.imdb.com/title/tt1172233/?ref_=fn_tt_tt_1,118,English,USA,PG-13,15000000,2009,787,6.900000,2.350000,10000
Color,Benedek Fliegauf,88,111,28,1000,Matt Smith,6000,0,Drama|Romance|Sci-Fi,Eva Green,Womb,9957,9244,Hannah Murray,1,clone|love|male nudity|medical ethics|virginity,htp://www.imdb.ccom/title/tt1216520/?ref_=fn_tt_tt_1,35,English,Germany,Unrated,3660000,2010,2000,6.400000,2.350000,0
Color,Christopher Cain,50,107,58,316,Patrick Wayne,549,44726644,Action|Crime|Drama|Thriller|Western,Jack Palance,Young Guns,42614,1747,Brian Keith,5,army|cattle|deputy|new mexico|rancher,http://www.imdb.com/title/tt0096487/?ref_=fn_tt_tt_1,120,English,USA,R,13000000,1988,439,6.800000,1.850000,0
Color,Nora Ephron,153,119,0,744,Jean Stapleton,15000,115731542,Comedy|Drama|Romance,Tom Hanks,Youve Got Mail,151812,17768,Dave Chappelle,2,bookstore|competing businesses|instant messaging|new york city|shop owner,http://www.imdb.com/title/tt0128853/?ref_=fn_tt_tt_1,556,English,USA,PG,65000000,1998,793,6.500000,1.850000,0
